12.929262,77.624796,U,"35,359",Koramangala
12.934022,77.632207,U,"35,359",Koramangala
12.939117,77.620659,U,"35,359",Koramangala
12.936653,77.622842,U,"35,359",Koramangala
12.927526,77.621578,U,"35,359",Koramangala
12.93419,77.618189,U,"35,359",Koramangala
12.928422,77.627381,U,"35,359",Koramangala
12.938445,77.624566,U,"35,359",Koramangala
12.931502,77.630828,U,"35,359",Koramangala
12.941301,77.622842,U,"35,359",Koramangala
12.939872,77.621952,U,"35,359",Koramangala
12.928178,77.629291,U,"35,359",Koramangala
12.941688,77.623,U,"35,359",Koramangala
12.93885,77.62201,U,"35,359",Koramangala
12.939985,77.619913,U,"35,359",Koramangala
12.940553,77.623058,U,"35,359",Koramangala
12.93726,77.625563,U,"35,359",Koramangala
12.94112,77.6238,U,"35,359",Koramangala
12.930562,77.6912,U,"35,359",Koramangala
12.928348,77.626844,U,"35,359",Koramangala
12.939304,77.621136,U,"35,359",Koramangala
12.943107,77.61869,U,"35,359",Koramangala
12.928178,77.629465,U,"35,359",Koramangala
12.934535,77.617642,U,"35,359",Koramangala
12.927667,77.622534,U,"35,359",Koramangala
12.93432,77.620621,U,"35,359",Koramangala
12.937366,77.624063,U,"35,359",Koramangala
12.936634,77.627544,U,"35,359",Koramangala
12.941453,77.623113,U,"35,359",Koramangala
12.939498,77.622847,U,"35,359",Koramangala
12.934384,77.630357,U,"35,359",Koramangala
12.932901,77.622422,U,"35,359",Koramangala
12.934231,77.62806,U,"35,359",Koramangala
12.926803,77.625574,U,"35,359",Koramangala
12.927933,77.625022,U,"35,359",Koramangala
12.929898,77.629578,U,"35,359",Koramangala
12.930616,77.631116,U,"35,359",Koramangala
12.931859,77.628955,U,"35,359",Koramangala
12.934933,77.628678,U,"35,359",Koramangala
12.930083,77.621361,U,"35,359",Koramangala
12.938669,77.620488,U,"35,359",Koramangala
12.923759,77.622195,U,"35,359",Koramangala
12.927442,77.629935,U,"35,359",Koramangala
12.934095,77.620306,U,"35,359",Koramangala
12.93558,77.619574,U,"35,359",Koramangala
12.938372,77.620793,U,"35,359",Koramangala
12.928867,77.628838,U,"35,359",Koramangala
12.939619,77.618721,U,"35,359",Koramangala
12.936709,77.619208,U,"35,359",Koramangala
12.935402,77.618294,U,"35,359",Koramangala
12.934332,77.618233,U,"35,359",Koramangala
12.930115,77.620854,U,"35,359",Koramangala
12.934117,77.631429,U,"35,359",Koramangala
12.937166,77.623435,U,"35,359",Koramangala
12.93708,77.61734,U,"35,359",Koramangala
12.940739,77.621006,U,"35,359",Koramangala
12.938759,77.618533,U,"35,359",Koramangala
12.93553,77.619813,U,"35,359",Koramangala
12.933679,77.617605,U,"35,359",Koramangala
12.939146,77.622905,U,"35,359",Koramangala
12.940825,77.621227,U,"35,359",Koramangala
12.941384,77.618974,U,"35,359",Koramangala
12.940523,77.622066,U,"35,359",Koramangala
12.941556,77.622949,U,"35,359",Koramangala
12.937424,77.622375,U,"35,359",Koramangala
12.941126,77.625201,U,"35,359",Koramangala
12.936477,77.620873,U,"35,359",Koramangala
12.940592,77.621718,U,"35,359",Koramangala
12.940693,77.622865,U,"35,359",Koramangala
12.93894,77.62009,U,"35,359",Koramangala
12.932884,77.619738,U,"35,359",Koramangala
12.936807,77.621731,U,"35,359",Koramangala
12.934446,77.619738,U,"35,359",Koramangala
12.932693,77.620872,U,"35,359",Koramangala
12.930141,77.631384,U,"35,359",Koramangala
12.987033,77.513218,R,20269,Nagarbhavi
12.985848,77.514261,R,20269,Nagarbhavi
12.985255,77.515564,R,20269,Nagarbhavi
12.984577,77.513305,R,20269,Nagarbhavi
12.984154,77.515217,R,20269,Nagarbhavi
12.983477,77.511045,R,20269,Nagarbhavi
12.982968,77.512349,R,20269,Nagarbhavi
12.982545,77.514521,R,20269,Nagarbhavi
12.981529,77.516173,R,20269,Nagarbhavi
12.980343,77.511045,R,20269,Nagarbhavi
12.980089,77.513479,R,20269,Nagarbhavi
12.972771,77.511344,R,20269,Nagarbhavi
12.972207,77.512734,R,20269,Nagarbhavi
12.971022,77.514528,R,20269,Nagarbhavi
12.9702,77.515387,R,20269,Nagarbhavi
12.972852,77.51614,R,20269,Nagarbhavi
12.972062,77.51585,R,20269,Nagarbhavi
12.970595,77.515156,R,20269,Nagarbhavi
12.970031,77.51614,R,20269,Nagarbhavi
12.969016,77.512956,R,20269,Nagarbhavi
12.969072,77.514172,R,20269,Nagarbhavi
12.968621,77.51504,R,20269,Nagarbhavi
12.967352,77.513946,R,20269,Nagarbhavi
12.966305,77.515303,R,20269,Nagarbhavi
12.964818,77.516152,R,20269,Nagarbhavi
12.964212,77.515021,R,20269,Nagarbhavi
12.963991,77.516378,R,20269,Nagarbhavi
12.963275,77.516943,R,20269,Nagarbhavi
12.965038,77.517339,R,20269,Nagarbhavi
12.964212,77.517622,R,20269,Nagarbhavi
12.963688,77.513126,R,20269,Nagarbhavi
12.963661,77.513692,R,20269,Nagarbhavi
12.963716,77.514059,R,20269,Nagarbhavi
12.963771,77.514484,R,20269,Nagarbhavi
12.963606,77.515247,R,20269,Nagarbhavi
12.96333,77.515812,R,20269,Nagarbhavi
12.963275,77.516406,R,20269,Nagarbhavi
12.962366,77.516095,R,20269,Nagarbhavi
12.962807,77.517282,R,20269,Nagarbhavi
12.962256,77.51324,R,20269,Nagarbhavi
12.961732,77.513155,R,20269,Nagarbhavi
12.961539,77.513918,R,20269,Nagarbhavi
12.961374,77.514512,R,20269,Nagarbhavi
12.961071,77.513126,R,20269,Nagarbhavi
12.960961,77.514625,R,20269,Nagarbhavi
12.960685,77.515275,R,20269,Nagarbhavi
12.960197,77.51538,R,20269,Nagarbhavi
12.959423,77.517022,R,20269,Nagarbhavi
12.959526,77.518506,R,20269,Nagarbhavi
12.957822,77.517817,R,20269,Nagarbhavi
12.956428,77.516757,R,20269,Nagarbhavi
12.956684,77.513493,R,20269,Nagarbhavi
12.957794,77.51177,R,20269,Nagarbhavi
12.969841,77.509228,R,20269,Nagarbhavi
12.969755,77.510718,R,20269,Nagarbhavi
12.968474,77.510017,R,20269,Nagarbhavi
12.96779,77.511157,R,20269,Nagarbhavi
12.966594,77.509491,R,20269,Nagarbhavi
12.96574,77.509403,R,20269,Nagarbhavi
12.964287,77.510455,R,20269,Nagarbhavi
12.963091,77.510631,R,20269,Nagarbhavi
12.962237,77.511157,R,20269,Nagarbhavi
12.960357,77.508965,R,20269,Nagarbhavi
12.959588,77.510017,R,20269,Nagarbhavi
12.959449,77.508933,R,20269,Nagarbhavi
12.959143,77.509563,R,20269,Nagarbhavi
12.958683,77.510632,R,20269,Nagarbhavi
12.959241,77.505206,R,20269,Nagarbhavi
12.959173,77.505696,R,20269,Nagarbhavi
12.958899,77.506643,R,20269,Nagarbhavi
12.958626,77.507519,R,20269,Nagarbhavi
12.957772,77.510289,R,20269,Nagarbhavi
12.957806,77.510429,R,20269,Nagarbhavi
12.95866,77.506994,R,20269,Nagarbhavi
12.958216,77.507519,R,20269,Nagarbhavi
12.8997,77.569742,R,28000,Yelachenahalli
12.899842,77.569562,R,28000,Yelachenahalli
12.902027,77.570137,R,28000,Yelachenahalli
12.901928,77.572648,R,28000,Yelachenahalli
12.899184,77.571026,R,28000,Yelachenahalli
12.902027,77.570204,R,28000,Yelachenahalli
12.898668,77.568154,R,28000,Yelachenahalli
12.901396,77.569202,R,28000,Yelachenahalli
12.902012,77.571483,R,28000,Yelachenahalli
12.901737,77.572522,R,28000,Yelachenahalli
12.900515,77.568367,R,28000,Yelachenahalli
12.901418,77.572612,R,28000,Yelachenahalli
12.902475,77.570998,R,28000,Yelachenahalli
12.902067,77.571607,R,28000,Yelachenahalli
12.902012,77.571799,R,28000,Yelachenahalli
12.902177,77.569699,R,28000,Yelachenahalli
12.902508,77.571212,R,28000,Yelachenahalli
12.901968,77.570986,R,28000,Yelachenahalli
12.902365,77.569665,R,28000,Yelachenahalli
12.901275,77.569157,R,28000,Yelachenahalli
12.901572,77.569135,R,28000,Yelachenahalli
12.902541,77.569168,R,28000,Yelachenahalli
12.898953,77.570659,R,28000,Yelachenahalli
12.900488,77.56849,R,28000,Yelachenahalli
12.902123,77.570078,R,28000,Yelachenahalli
12.89904,77.571358,R,28000,Yelachenahalli
12.901822,77.570314,R,28000,Yelachenahalli
12.899915,77.57202,R,28000,Yelachenahalli
12.899814,77.568578,R,28000,Yelachenahalli
12.898151,77.571211,R,28000,Yelachenahalli
12.900345,77.568828,R,28000,Yelachenahalli
12.90175,77.570299,R,28000,Yelachenahalli
12.899786,77.568916,R,28000,Yelachenahalli
12.900252,77.569317,R,28000,Yelachenahalli
12.899546,77.569253,R,28000,Yelachenahalli
12.902607,77.569645,R,28000,Yelachenahalli
12.902522,77.570605,R,28000,Yelachenahalli
12.902495,77.570605,R,28000,Yelachenahalli
12.902338,77.570959,R,28000,Yelachenahalli
12.902244,77.571088,R,28000,Yelachenahalli
12.902181,77.569444,R,28000,Yelachenahalli
12.90193,77.569895,R,28000,Yelachenahalli
12.901584,77.570314,R,28000,Yelachenahalli
12.901364,77.570476,R,28000,Yelachenahalli
12.901113,77.571088,R,28000,Yelachenahalli
12.90083,77.571636,R,28000,Yelachenahalli
12.90193,77.569927,R,28000,Yelachenahalli
12.901867,77.570347,R,28000,Yelachenahalli
12.901207,77.570766,R,28000,Yelachenahalli
12.90083,77.571217,R,28000,Yelachenahalli
12.900358,77.571314,R,28000,Yelachenahalli
12.899887,77.571314,R,28000,Yelachenahalli
12.899541,77.571475,R,28000,Yelachenahalli
12.899415,77.571814,R,28000,Yelachenahalli
12.899903,77.56946,R,28000,Yelachenahalli
12.899761,77.569734,R,28000,Yelachenahalli
12.899667,77.569976,R,28000,Yelachenahalli
12.899667,77.569976,R,28000,Yelachenahalli
12.89962,77.570717,R,28000,Yelachenahalli
12.89929,77.570701,R,28000,Yelachenahalli
12.899148,77.571056,R,28000,Yelachenahalli
12.899038,77.569863,R,28000,Yelachenahalli
12.898787,77.569798,R,28000,Yelachenahalli
12.898535,77.569831,R,28000,Yelachenahalli
12.898221,77.569782,R,28000,Yelachenahalli
12.900845,77.568146,R,28000,Yelachenahalli
12.900838,77.568581,R,28000,Yelachenahalli
12.899384,77.569299,R,28000,Yelachenahalli
12.899549,77.569404,R,28000,Yelachenahalli
12.899502,77.569782,R,28000,Yelachenahalli
12.899109,77.569879,R,28000,Yelachenahalli
12.898991,77.569903,R,28000,Yelachenahalli
12.898881,77.570387,R,28000,Yelachenahalli
12.898771,77.570556,R,28000,Yelachenahalli
12.898545,77.570952,R,28000,Yelachenahalli
12.928049,77.587382,U,38151,Jayanagar
12.927597,77.587889,U,38151,Jayanagar
12.934712,77.58848,U,38151,Jayanagar
12.925993,77.578479,U,38151,Jayanagar
12.924965,77.586792,U,38151,Jayanagar
12.925088,77.575905,U,38151,Jayanagar
12.931751,77.59464,U,38151,Jayanagar
12.927844,77.578479,U,38151,Jayanagar
12.92772,77.578057,U,38151,Jayanagar
12.937508,77.588353,U,38151,Jayanagar
12.92624,77.57696,U,38151,Jayanagar
12.92369,77.588437,U,38151,Jayanagar
12.924638,77.585898,U,38151,Jayanagar
12.925369,77.57772,U,38151,Jayanagar
12.931015,77.589646,U,38151,Jayanagar
12.927893,77.593939,U,38151,Jayanagar
12.927029,77.576221,U,38151,Jayanagar
12.923708,77.597415,U,38151,Jayanagar
12.928006,77.589449,U,38151,Jayanagar
12.93032,77.589402,U,38151,Jayanagar
12.927597,77.576597,U,38151,Jayanagar
12.926145,77.592149,U,38151,Jayanagar
12.93926,77.584327,U,38151,Jayanagar
12.925918,77.588517,U,38151,Jayanagar
12.925237,77.577482,U,38151,Jayanagar
12.931364,77.589821,U,38151,Jayanagar
12.936583,77.582604,U,38151,Jayanagar
12.934813,77.591684,U,38151,Jayanagar
12.93327,77.590985,U,38151,Jayanagar
12.937173,77.58279,U,38151,Jayanagar
12.919791,77.597644,U,38151,Jayanagar
12.927279,77.595781,U,38151,Jayanagar
12.939578,77.583116,U,38151,Jayanagar
12.914708,77.583861,U,38151,Jayanagar
12.91989,77.590156,U,38151,Jayanagar
12.919942,77.581894,U,38151,Jayanagar
12.921251,77.57773,U,38151,Jayanagar
12.921055,77.597477,U,38151,Jayanagar
12.913853,77.58411,U,38151,Jayanagar
12.924729,77.591143,U,38151,Jayanagar
12.927699,77.586841,U,38151,Jayanagar
12.937174,77.581505,U,38151,Jayanagar
12.918846,77.594808,U,38151,Jayanagar
12.941441,77.585322,U,38151,Jayanagar
12.93039,77.598512,U,38151,Jayanagar
12.92005,77.588633,U,38151,Jayanagar
12.938049,77.582571,U,38151,Jayanagar
12.936572,77.591215,U,38151,Jayanagar
12.926916,77.575671,U,38151,Jayanagar
12.918503,77.588677,U,38151,Jayanagar
12.919333,77.592742,U,38151,Jayanagar
12.921408,77.581865,U,38151,Jayanagar
12.920955,77.587632,U,38151,Jayanagar
12.928124,77.589335,U,38151,Jayanagar
12.925784,77.577645,U,38151,Jayanagar
12.921861,77.596109,U,38151,Jayanagar
12.940643,77.58909,U,38151,Jayanagar
12.918361,77.588445,U,38151,Jayanagar
12.931159,77.576487,U,38151,Jayanagar
12.928802,77.598288,U,38151,Jayanagar
12.925224,77.574687,U,38151,Jayanagar
12.924374,77.590833,U,38151,Jayanagar
12.924899,77.576358,U,38151,Jayanagar
12.93072,77.589344,U,38151,Jayanagar
12.919843,77.578497,U,38151,Jayanagar
12.927145,77.587315,U,38151,Jayanagar
12.930568,77.578029,U,38151,Jayanagar
12.941139,77.591061,U,38151,Jayanagar
12.932773,77.583803,U,38151,Jayanagar
12.931176,77.575687,U,38151,Jayanagar
12.925791,77.596036,U,38151,Jayanagar
12.926982,77.588825,U,38151,Jayanagar
12.928412,77.585892,U,38151,Jayanagar
12.926704,77.58638,U,38151,Jayanagar
12.932501,77.586218,U,38151,Jayanagar
12.914471,77.659008,U,24749,HSR Layout
12.91288,77.636775,U,24749,HSR Layout
12.912955,77.628302,U,24749,HSR Layout
12.913865,77.66064,U,24749,HSR Layout
12.918486,77.648436,U,24749,HSR Layout
12.913258,77.661495,U,24749,HSR Layout
12.913486,77.633044,U,24749,HSR Layout
12.911884,77.633193,U,24749,HSR Layout
12.902544,77.65683,U,24749,HSR Layout
12.913207,77.630558,U,24749,HSR Layout
12.912429,77.661621,U,24749,HSR Layout
12.910172,77.631277,U,24749,HSR Layout
12.916087,77.664256,U,24749,HSR Layout
12.913596,77.632475,U,24749,HSR Layout
12.904612,77.651448,U,24749,HSR Layout
12.91113,77.633235,U,24749,HSR Layout
12.908693,77.656395,U,24749,HSR Layout
12.9106,77.64014,U,24749,HSR Layout
12.903552,77.656993,U,24749,HSR Layout
12.908269,77.641499,U,24749,HSR Layout
12.917171,77.660146,U,24749,HSR Layout
12.91998,77.648186,U,24749,HSR Layout
12.919079,77.658515,U,24749,HSR Layout
12.912667,77.631876,U,24749,HSR Layout
12.916747,77.659005,U,24749,HSR Layout
12.921357,77.647805,U,24749,HSR Layout
12.910229,77.640412,U,24749,HSR Layout
12.915263,77.660527,U,24749,HSR Layout
12.920986,77.659766,U,24749,HSR Layout
12.918602,77.645739,U,24749,HSR Layout
12.910123,77.638835,U,24749,HSR Layout
12.920456,77.646174,U,24749,HSR Layout
12.905778,77.6577,U,24749,HSR Layout
12.912402,77.634431,U,24749,HSR Layout
12.91219,77.636606,U,24749,HSR Layout
12.910865,77.637258,U,24749,HSR Layout
12.909699,77.63715,U,24749,HSR Layout
12.908057,77.637965,U,24749,HSR Layout
12.906732,77.637911,U,24749,HSR Layout
12.906361,77.638835,U,24749,HSR Layout
12.906255,77.639868,U,24749,HSR Layout
12.90244,77.653786,U,24749,HSR Layout
12.906732,77.65596,U,24749,HSR Layout
12.906679,77.639025,U,24749,HSR Layout
12.916526,77.661696,U,24749,HSR Layout
12.913468,77.630952,U,24749,HSR Layout
12.918925,77.645866,U,24749,HSR Layout
12.916902,77.663675,U,24749,HSR Layout
12.91328,77.629649,U,24749,HSR Layout
12.917702,77.645673,U,24749,HSR Layout
12.906129,77.658656,U,24749,HSR Layout
12.91295,77.660007,U,24749,HSR Layout
12.911774,77.641281,U,24749,HSR Layout
12.91121,77.657256,U,24749,HSR Layout
12.918031,77.658221,U,24749,HSR Layout
12.911586,77.631531,U,24749,HSR Layout
12.91996,77.648134,U,24749,HSR Layout
12.906364,77.657497,U,24749,HSR Layout
12.91789,77.647217,U,24749,HSR Layout
12.903871,77.657594,U,24749,HSR Layout
12.912433,77.636792,U,24749,HSR Layout
12.912386,77.631049,U,24749,HSR Layout
12.906882,77.658684,U,24749,HSR Layout
12.913361,77.657674,U,24749,HSR Layout
12.911598,77.634028,U,24749,HSR Layout
12.915156,77.657707,U,24749,HSR Layout
12.911535,77.631193,U,24749,HSR Layout
12.918226,77.655314,U,24749,HSR Layout
12.918348,77.643726,U,24749,HSR Layout
12.910982,77.660856,U,24749,HSR Layout
12.912885,77.631004,U,24749,HSR Layout
12.910737,77.657518,U,24749,HSR Layout
12.913192,77.628862,U,24749,HSR Layout
12.918042,77.65651,U,24749,HSR Layout
12.91884,77.643033,U,24749,HSR Layout
12.805027,77.693681,U,88728,Electronic city
12.808208,77.694968,U,88728,Electronic city
12.810635,77.692136,U,88728,Electronic city
12.813648,77.68896,U,88728,Electronic city
12.81641,77.686643,U,88728,Electronic city
12.818753,77.68484,U,88728,Electronic city
12.821431,77.684497,U,88728,Electronic city
12.826871,77.680463,U,88728,Electronic city
12.830218,77.680291,U,88728,Electronic city
12.833148,77.679175,U,88728,Electronic city
12.834905,77.676,U,88728,Electronic city
12.834905,77.676,U,88728,Electronic city
12.840596,77.675742,U,88728,Electronic city
12.844989,77.671107,U,88728,Electronic city
12.848462,77.669133,U,88728,Electronic city
12.848462,77.669133,U,88728,Electronic city
12.858462,77.662267,U,88728,Electronic city
12.861391,77.660636,U,88728,Electronic city
12.863357,77.659692,U,88728,Electronic city
12.867123,77.655572,U,88728,Electronic city
12.819758,77.696514,U,88728,Electronic city
12.827123,77.70338,U,88728,Electronic city
12.818502,77.679219,U,88728,Electronic city
12.819967,77.670508,U,88728,Electronic city
12.828503,77.655831,U,88728,Electronic city
12.834362,77.6754,U,88728,Electronic city
12.844906,77.656431,U,88728,Electronic city
12.845408,77.649565,U,88728,Electronic city
12.850512,77.665186,U,88728,Electronic city
12.84114,77.682438,U,88728,Electronic city
12.827248,77.702952,U,88728,Electronic city
12.818628,77.687073,U,88728,Electronic city
12.815448,77.683554,U,88728,Electronic city
12.834027,77.68836,U,88728,Electronic city
12.834529,77.68158,U,88728,Electronic city
12.843651,77.677717,U,88728,Electronic city
12.847835,77.687159,U,88728,Electronic city
12.853023,77.681322,U,88728,Electronic city
12.850178,77.689905,U,88728,Electronic city
12.851015,77.671538,U,88728,Electronic city
12.852605,77.668619,U,88728,Electronic city
12.858044,77.666731,U,88728,Electronic city
12.861558,77.664499,U,88728,Electronic city
12.861558,77.664499,U,88728,Electronic city
12.853944,77.656346,U,88728,Electronic city
12.849467,77.652655,U,88728,Electronic city
12.846245,77.660423,U,88728,Electronic city
12.83955,77.664414,U,88728,Electronic city
12.834404,77.655359,U,88728,Electronic city
12.832939,77.6648,U,88728,Electronic city
12.825693,77.657182,U,88728,Electronic city
12.823727,77.677867,U,88728,Electronic city
12.81837,77.679369,U,88728,Electronic city
12.830296,77.684562,U,88728,Electronic city
12.84582,77.686751,U,88728,Electronic city
12.84992,77.683618,U,88728,Electronic city
12.848247,77.690742,U,88728,Electronic city
12.851719,77.687437,U,88728,Electronic city
12.851636,77.675893,U,88728,Electronic city
12.851929,77.672245,U,88728,Electronic city
12.854774,77.675979,U,88728,Electronic city
12.848247,77.684476,U,88728,Electronic city
12.862137,77.660143,U,88728,Electronic city
12.858634,77.660016,U,88728,Electronic city
12.856709,77.664694,U,88728,Electronic city
12.851521,77.670531,U,88728,Electronic city
12.849471,77.679114,U,88728,Electronic city
12.843989,77.678942,U,88728,Electronic city
12.835896,77.681673,U,88728,Electronic city
12.832436,77.698975,U,88728,Electronic city
12.826812,77.683638,U,88728,Electronic city
12.833734,77.669568,U,88728,Electronic city
12.817543,77.687948,U,88728,Electronic city
12.838986,77.6638,U,88728,Electronic city
12.833672,77.658033,U,88728,Electronic city
12.962149,77.644671,U,42000,indiranagar
12.962651,77.642826,U,42000,indiranagar
12.96516,77.640809,U,42000,indiranagar
12.966875,77.638835,U,42000,indiranagar
12.968022,77.643656,U,42000,indiranagar
12.968795,77.645458,U,42000,indiranagar
12.968565,77.637884,U,42000,indiranagar
12.965847,77.638849,U,42000,indiranagar
12.966056,77.641145,U,42000,indiranagar
12.966725,77.64224,U,42000,indiranagar
12.984818,77.644388,U,42000,indiranagar
12.981803,77.638725,U,42000,indiranagar
12.980778,77.63102,U,42000,indiranagar
12.979029,77.629907,U,42000,indiranagar
12.977341,77.630959,U,42000,indiranagar
12.978878,77.629226,U,42000,indiranagar
12.977099,77.6356,U,42000,indiranagar
12.977944,77.641912,U,42000,indiranagar
12.977823,77.643738,U,42000,indiranagar
12.977672,77.645471,U,42000,indiranagar
12.973421,77.646368,U,42000,indiranagar
12.982044,77.647111,U,42000,indiranagar
12.982617,77.645131,U,42000,indiranagar
12.980748,77.641634,U,42000,indiranagar
12.978517,77.645471,U,42000,indiranagar
12.972395,77.642779,U,42000,indiranagar
12.97336,77.638849,U,42000,indiranagar
12.975984,77.637766,U,42000,indiranagar
12.975893,77.640891,U,42000,indiranagar
12.975893,77.634857,U,42000,indiranagar
12.978969,77.632691,U,42000,indiranagar
12.982014,77.637054,U,42000,indiranagar
12.977612,77.645409,U,42000,indiranagar
12.979602,77.646183,U,42000,indiranagar
12.969651,77.647235,U,42000,indiranagar
12.976376,77.645904,U,42000,indiranagar
12.978456,77.643398,U,42000,indiranagar
12.967198,77.640383,U,42000,indiranagar
12.971776,77.646633,U,42000,indiranagar
12.975976,77.646245,U,42000,indiranagar
12.97438,77.642624,U,42000,indiranagar
12.971356,77.637452,U,42000,indiranagar
12.969466,77.637151,U,42000,indiranagar
12.967786,77.638142,U,42000,indiranagar
12.975514,77.637754,U,42000,indiranagar
12.976354,77.642452,U,42000,indiranagar
12.976942,77.635383,U,42000,indiranagar
12.970138,77.646547,U,42000,indiranagar
12.980806,77.639694,U,42000,indiranagar
12.976354,77.638357,U,42000,indiranagar
12.96577,77.639521,U,42000,indiranagar
12.967786,77.638314,U,42000,indiranagar
12.971272,77.639047,U,42000,indiranagar
12.97417,77.636935,U,42000,indiranagar
12.974464,77.63422,U,42000,indiranagar
12.976144,77.632927,U,42000,indiranagar
12.969004,77.637151,U,42000,indiranagar
12.971314,77.643659,U,42000,indiranagar
12.973876,77.644004,U,42000,indiranagar
12.973498,77.646547,U,42000,indiranagar
12.976942,77.645297,U,42000,indiranagar
12.968836,77.647366,U,42000,indiranagar
12.965939,77.641446,U,42000,indiranagar
12.964475,77.642433,U,42000,indiranagar
12.96437,77.643378,U,42000,indiranagar
12.963293,77.644751,U,42000,indiranagar
12.962917,77.645395,U,42000,indiranagar
12.960732,77.644536,U,42000,indiranagar
12.962854,77.645598,U,42000,indiranagar
12.96506,77.639912,U,42000,indiranagar
12.966451,77.637992,U,42000,indiranagar
12.965573,77.639011,U,42000,indiranagar
12.967758,77.638088,U,42000,indiranagar
12.974428,77.64209,U,42000,indiranagar
12.97745,77.636468,U,42000,indiranagar
13.061265,77.714731,R,2600,Bidarahalli
13.061359,77.717059,R,2600,Bidarahalli
13.062624,77.716479,R,2600,Bidarahalli
13.061505,77.714248,R,2600,Bidarahalli
13.061004,77.71708,R,2600,Bidarahalli
13.06114,77.717188,R,2600,Bidarahalli
13.060335,77.717402,R,2600,Bidarahalli
13.058799,77.715621,R,2600,Bidarahalli
13.059216,77.714624,R,2600,Bidarahalli
13.060439,77.715772,R,2600,Bidarahalli
13.0614,77.716222,R,2600,Bidarahalli
13.060972,77.716941,R,2600,Bidarahalli
13.061055,77.714388,R,2600,Bidarahalli
13.062278,77.715192,R,2600,Bidarahalli
13.063208,77.716093,R,2600,Bidarahalli
13.062675,77.716716,R,2600,Bidarahalli
13.061275,77.715514,R,2600,Bidarahalli
13.060355,77.716684,R,2600,Bidarahalli
13.060355,77.717134,R,2600,Bidarahalli
13.059383,77.716877,R,2600,Bidarahalli
13.059874,77.714495,R,2600,Bidarahalli
13.061557,77.715182,R,2600,Bidarahalli
13.061494,77.714559,R,2600,Bidarahalli
13.060773,77.716973,R,2600,Bidarahalli
13.060449,77.717284,R,2600,Bidarahalli
13.059519,77.717038,R,2600,Bidarahalli
13.061359,77.715203,R,2600,Bidarahalli
13.061693,77.717059,R,2600,Bidarahalli
13.060617,77.714484,R,2600,Bidarahalli
13.059143,77.71531,R,2600,Bidarahalli
13.059613,77.714516,R,2600,Bidarahalli
13.06093,77.716716,R,2600,Bidarahalli
13.061202,77.714559,R,2600,Bidarahalli
13.061014,77.714076,R,2600,Bidarahalli
13.061296,77.715965,R,2600,Bidarahalli
13.060637,77.714656,R,2600,Bidarahalli
13.059456,77.715954,R,2600,Bidarahalli
13.060418,77.715922,R,2600,Bidarahalli
13.061578,77.715321,R,2600,Bidarahalli
13.062372,77.716866,R,2600,Bidarahalli
13.06023,77.716973,R,2600,Bidarahalli
13.060909,77.716995,R,2600,Bidarahalli
13.061369,77.715021,R,2600,Bidarahalli
13.061912,77.714763,R,2600,Bidarahalli
13.060251,77.715675,R,2600,Bidarahalli
13.059258,77.714709,R,2600,Bidarahalli
13.060491,77.71737,R,2600,Bidarahalli
13.061296,77.71634,R,2600,Bidarahalli
13.061745,77.717445,R,2600,Bidarahalli
13.062122,77.715815,R,2600,Bidarahalli
12.894242,77.520097,U,56897,rrnagar
12.896919,77.520011,U,56897,rrnagar
12.899429,77.52044,U,56897,rrnagar
12.901855,77.523015,U,56897,rrnagar
12.903863,77.519754,U,56897,rrnagar
12.906708,77.524131,U,56897,rrnagar
12.906038,77.520955,U,56897,rrnagar
12.905369,77.517093,U,56897,rrnagar
12.906875,77.510913,U,56897,rrnagar
12.904449,77.507308,U,56897,rrnagar
12.904449,77.507308,U,56897,rrnagar
12.906749,77.5066,U,56897,rrnagar
12.907565,77.507802,U,56897,rrnagar
12.909416,77.508403,U,56897,rrnagar
12.908015,77.509561,U,56897,rrnagar
12.910273,77.50763,U,56897,rrnagar
12.910064,77.506278,U,56897,rrnagar
12.912982,77.501386,U,56897,rrnagar
12.916329,77.502931,U,56897,rrnagar
12.91407,77.513574,U,56897,rrnagar
12.907042,77.523187,U,56897,rrnagar
12.909636,77.527049,U,56897,rrnagar
12.911225,77.528594,U,56897,rrnagar
12.918253,77.522586,U,56897,rrnagar
12.922519,77.512115,U,56897,rrnagar
12.918671,77.505506,U,56897,rrnagar
12.925698,77.505849,U,56897,rrnagar
12.926869,77.502845,U,56897,rrnagar
12.912229,77.513145,U,56897,rrnagar
12.915743,77.513402,U,56897,rrnagar
12.91934,77.513746,U,56897,rrnagar
12.924109,77.514003,U,56897,rrnagar
12.928208,77.514261,U,56897,rrnagar
12.930048,77.514518,U,56897,rrnagar
12.935235,77.51778,U,56897,rrnagar
12.93582,77.522157,U,56897,rrnagar
12.933896,77.525161,U,56897,rrnagar
12.93147,77.527908,U,56897,rrnagar
12.928794,77.529968,U,56897,rrnagar
12.924527,77.530568,U,56897,rrnagar
12.921599,77.528251,U,56897,rrnagar
12.919508,77.524904,U,56897,rrnagar
12.916245,77.52044,U,56897,rrnagar
12.923105,77.524818,U,56897,rrnagar
12.924276,77.516063,U,56897,rrnagar
12.918922,77.511686,U,56897,rrnagar
12.929045,77.518295,U,56897,rrnagar
12.912146,77.517436,U,56897,rrnagar
12.919173,77.512029,U,56897,rrnagar
12.924862,77.525676,U,56897,rrnagar
12.906122,77.512458,U,56897,rrnagar
12.907126,77.525161,U,56897,rrnagar
12.910723,77.528079,U,56897,rrnagar
12.912146,77.529023,U,56897,rrnagar
12.918838,77.524474,U,56897,rrnagar
12.920846,77.512029,U,56897,rrnagar
12.926535,77.512115,U,56897,rrnagar
12.918838,77.503789,U,56897,rrnagar
12.925531,77.507737,U,56897,rrnagar
12.926033,77.504562,U,56897,rrnagar
12.926869,77.502588,U,56897,rrnagar
12.932223,77.519925,U,56897,rrnagar
12.915659,77.508081,U,56897,rrnagar
12.916161,77.504905,U,56897,rrnagar
12.917416,77.524303,U,56897,rrnagar
12.9175,77.526792,U,56897,rrnagar
12.912815,77.522071,U,56897,rrnagar
12.918169,77.527393,U,56897,rrnagar
12.917165,77.521556,U,56897,rrnagar
12.912731,77.520698,U,56897,rrnagar
12.912564,77.515891,U,56897,rrnagar
12.926535,77.528165,U,56897,rrnagar
12.929965,77.524045,U,56897,rrnagar
12.929379,77.51675,U,56897,rrnagar
12.923523,77.512458,U,56897,rrnagar
12.743141,77.705091,R,44260,anekal
12.74469,77.706507,R,44260,anekal
12.73523,77.698954,R,44260,anekal
12.737239,77.707966,R,44260,anekal
12.728699,77.697752,R,44260,anekal
12.719322,77.709425,R,44260,anekal
12.728783,77.709769,R,44260,anekal
12.724848,77.702387,R,44260,anekal
12.734225,77.70994,R,44260,anekal
12.714215,77.69801,R,44260,anekal
12.700651,77.703245,R,44260,anekal
12.707015,77.690886,R,44260,anekal
12.722713,77.710584,R,44260,anekal
12.728239,77.711271,R,44260,anekal
12.707559,77.707666,R,44260,anekal
12.710322,77.692302,R,44260,anekal
12.710322,77.688182,R,44260,anekal
12.71409,77.690843,R,44260,anekal
12.722295,77.702087,R,44260,anekal
12.711829,77.70346,R,44260,anekal
12.723467,77.70346,R,44260,anekal
12.728239,77.698739,R,44260,anekal
12.738285,77.705348,R,44260,anekal
12.727653,77.69728,R,44260,anekal
12.720369,77.713245,R,44260,anekal
12.699605,77.700198,R,44260,anekal
12.707056,77.705262,R,44260,anekal
12.718694,77.692474,R,44260,anekal
12.716434,77.701228,R,44260,anekal
12.702954,77.702001,R,44260,anekal
12.704796,77.695564,R,44260,anekal
12.703875,77.691787,R,44260,anekal
12.70915,77.705777,R,44260,anekal
12.743225,77.702258,R,44260,anekal
12.728071,77.712043,R,44260,anekal
12.730081,77.695821,R,44260,anekal
12.725392,77.695392,R,44260,anekal
12.70488,77.690156,R,44260,anekal
12.698097,77.700113,R,44260,anekal
12.698265,77.704748,R,44260,anekal
12.701028,77.707237,R,44260,anekal
12.716685,77.711356,R,44260,anekal
12.72489,77.700628,R,44260,anekal
12.721792,77.707237,R,44260,anekal
12.734099,77.70243,R,44260,anekal
12.704963,77.701228,R,44260,anekal
12.718025,77.709897,R,44260,anekal
12.728155,77.70037,R,44260,anekal
12.73636,77.711442,R,44260,anekal
12.719448,77.70552,R,44260,anekal
12.98584315,77.73630236,U,100000,Whitefield
12.98377351,77.74281581,U,100000,Whitefield
12.97535679,77.75683388,U,100000,Whitefield
12.97204522,77.7603738,U,100000,Whitefield
12.96887159,77.76009061,U,100000,Whitefield
12.96555993,77.75952422,U,100000,Whitefield
12.96293817,77.75895783,U,100000,Whitefield
12.9600404,77.75258598,U,100000,Whitefield
12.95838452,77.74947085,U,100000,Whitefield
12.95838452,77.74352379,U,100000,Whitefield
12.9571426,77.74224942,U,100000,Whitefield
12.95507272,77.7389927,U,100000,Whitefield
12.95438276,77.73587757,U,100000,Whitefield
12.95410677,77.73531118,U,100000,Whitefield
12.95231285,77.73177127,U,100000,Whitefield
12.95079491,77.72653219,U,100000,Whitefield
12.94886298,77.72497462,U,100000,Whitefield
12.94706902,77.7215763,U,100000,Whitefield
12.94596505,77.7176116,U,100000,Whitefield
12.94458507,77.71421327,U,100000,Whitefield
12.94403307,77.71109815,U,100000,Whitefield
12.94702909,77.70734233,U,100000,Whitefield
12.94644354,77.70854396,U,100000,Whitefield
12.94861841,77.72047443,U,100000,Whitefield
12.94970583,77.72184772,U,100000,Whitefield
12.95363724,77.72442264,U,100000,Whitefield
12.95397183,77.73060245,U,100000,Whitefield
12.95531017,77.73283405,U,100000,Whitefield
12.95455735,77.734379,U,100000,Whitefield
12.95915785,77.73334903,U,100000,Whitefield
12.9626709,77.73540897,U,100000,Whitefield
12.96685303,77.73180408,U,100000,Whitefield
12.9671876,77.74218959,U,100000,Whitefield
12.97254062,77.73051662,U,100000,Whitefield
12.97538437,77.72339267,U,100000,Whitefield
12.97973357,77.71824283,U,100000,Whitefield
12.98082085,77.71798534,U,100000,Whitefield
12.98383178,77.72047443,U,100000,Whitefield
12.9843336,77.7215044,U,100000,Whitefield
12.98324632,77.72751255,U,100000,Whitefield
12.98207541,77.73266239,U,100000,Whitefield
12.97822808,77.73120327,U,100000,Whitefield
12.97856264,77.73798389,U,100000,Whitefield
12.9773917,77.73892803,U,100000,Whitefield
12.9843336,77.73721141,U,100000,Whitefield
12.97496617,77.73540897,U,100000,Whitefield
12.96902771,77.74536533,U,100000,Whitefield
12.97596984,77.74510784,U,100000,Whitefield
12.97184373,77.74803385,U,100000,Whitefield
12.97242921,77.75558695,U,100000,Whitefield
12.97260631,77.69354782,U,22489,Marathalli
12.97245842,77.69749359,U,22489,Marathalli
12.97117673,77.69810063,U,22489,Marathalli
12.9702401,77.69855591,U,22489,Marathalli
12.97053588,77.70184406,U,22489,Marathalli
12.96984573,77.70240051,U,22489,Marathalli
12.96876121,77.70169229,U,22489,Marathalli
12.9658034,77.70027586,U,22489,Marathalli
12.96762739,77.68980439,U,22489,Marathalli
12.96807106,77.70265344,U,22489,Marathalli
12.96807106,77.68970322,U,22489,Marathalli
12.96669075,77.69375016,U,22489,Marathalli
12.96600059,77.69471131,U,22489,Marathalli
12.96491606,77.69754417,U,22489,Marathalli
12.96432449,77.69885943,U,22489,Marathalli
12.96526114,77.68504923,U,22489,Marathalli
12.96555692,77.67968702,U,22489,Marathalli
12.96427519,77.68378456,U,22489,Marathalli
12.96314135,77.68257047,U,22489,Marathalli
12.96156382,77.68226695,U,22489,Marathalli
12.96254978,77.68616214,U,22489,Marathalli
12.96250048,77.68995615,U,22489,Marathalli
12.9619582,77.69369958,U,22489,Marathalli
12.9594933,77.69749359,U,22489,Marathalli
12.95904961,77.69931471,U,22489,Marathalli
12.96013418,77.70093349,U,22489,Marathalli
12.95988769,77.70184406,U,22489,Marathalli
12.95840873,77.70290638,U,22489,Marathalli
12.95614099,77.70326049,U,22489,Marathalli
12.95747206,77.68216578,U,22489,Marathalli
12.95658468,77.68160932,U,22489,Marathalli
12.95742276,77.68535275,U,22489,Marathalli
12.95766925,77.69000674,U,22489,Marathalli
12.95821154,77.69263725,U,22489,Marathalli
12.95786645,77.69577364,U,22489,Marathalli
12.95855663,77.69941589,U,22489,Marathalli
12.95806364,77.7005288,U,22489,Marathalli
12.95831014,77.70326049,U,22489,Marathalli
12.95604239,77.68378456,U,22489,Marathalli
12.95643678,77.68616214,U,22489,Marathalli
12.95688047,77.68894441,U,22489,Marathalli
12.95688047,77.69056319,U,22489,Marathalli
12.95673258,77.69364899,U,22489,Marathalli
12.95653538,77.69607716,U,22489,Marathalli
12.9555001,77.69799946,U,22489,Marathalli
12.955648,77.7012876,U,22489,Marathalli
12.955648,77.70336166,U,22489,Marathalli
12.95471132,77.69299136,U,22489,Marathalli
12.95352813,77.69046202,U,22489,Marathalli
12.95357743,77.69471131,U,22489,Marathalli
12.95466202,77.69673479,U,22489,Marathalli
12.95456342,77.69734183,U,22489,Marathalli
12.95461272,77.69977,U,22489,Marathalli
12.95476061,77.70093349,U,22489,Marathalli
12.95500711,77.70326049,U,22489,Marathalli
12.95382393,77.70351342,U,22489,Marathalli
12.95170404,77.69344664,U,22489,Marathalli
12.95313373,77.69658302,U,22489,Marathalli
12.95264074,77.69880885,U,22489,Marathalli
12.95288724,77.7012876,U,22489,Marathalli
12.95323233,77.70290638,U,22489,Marathalli
12.95086594,77.69385134,U,22489,Marathalli
12.95086594,77.69769594,U,22489,Marathalli
12.95106314,77.69946647,U,22489,Marathalli
12.95165474,77.70047821,U,22489,Marathalli
12.95111244,77.70295697,U,22489,Marathalli
12.94963344,77.69805004,U,22489,Marathalli
12.94983064,77.70037704,U,22489,Marathalli
12.95002784,77.70255227,U,22489,Marathalli
12.94736562,77.70022528,U,22489,Marathalli
12.9466261,77.70133819,U,22489,Marathalli
12.946281,77.70371577,U,22489,Marathalli
12.94529498,77.7043734,U,22489,Marathalli
12.94465406,77.70518279,U,22489,Marathalli
13.05939833,77.4923588,R,28306,"Manjunath Nagar,Bagalakunte"
13.05858313,77.49345315,R,28306,"Manjunath Nagar,Bagalakunte"
13.058395,77.49381793,R,28306,"Manjunath Nagar,Bagalakunte"
13.05820688,77.49452603,R,28306,"Manjunath Nagar,Bagalakunte"
13.05806056,77.49510539,R,28306,"Manjunath Nagar,Bagalakunte"
13.05743347,77.49512684,R,28306,"Manjunath Nagar,Bagalakunte"
13.05703632,77.4957062,R,28306,"Manjunath Nagar,Bagalakunte"
13.0569318,77.49703658,R,28306,"Manjunath Nagar,Bagalakunte"
13.05695271,77.49770177,R,28306,"Manjunath Nagar,Bagalakunte"
13.05678548,77.49866736,R,28306,"Manjunath Nagar,Bagalakunte"
13.05728715,77.4990536,R,28306,"Manjunath Nagar,Bagalakunte"
13.05778882,77.4997617,R,28306,"Manjunath Nagar,Bagalakunte"
13.05820688,77.50021231,R,28306,"Manjunath Nagar,Bagalakunte"
13.05862493,77.50051272,R,28306,"Manjunath Nagar,Bagalakunte"
13.05895938,77.50068438,R,28306,"Manjunath Nagar,Bagalakunte"
13.05918931,77.50083459,R,28306,"Manjunath Nagar,Bagalakunte"
13.05908479,77.50132811,R,28306,"Manjunath Nagar,Bagalakunte"
13.05879216,77.50162852,R,28306,"Manjunath Nagar,Bagalakunte"
13.05852042,77.50068438,R,28306,"Manjunath Nagar,Bagalakunte"
13.05780972,77.50049126,R,28306,"Manjunath Nagar,Bagalakunte"
13.05743347,77.50119937,R,28306,"Manjunath Nagar,Bagalakunte"
13.05680639,77.50059855,R,28306,"Manjunath Nagar,Bagalakunte"
13.05626291,77.50081313,R,28306,"Manjunath Nagar,Bagalakunte"
13.05647194,77.49939692,R,28306,"Manjunath Nagar,Bagalakunte"
13.05567763,77.4977876,R,28306,"Manjunath Nagar,Bagalakunte"
13.05626291,77.49471915,R,28306,"Manjunath Nagar,Bagalakunte"
13.05678548,77.49401105,R,28306,"Manjunath Nagar,Bagalakunte"
13.05737076,77.49162924,R,28306,"Manjunath Nagar,Bagalakunte"
13.0569109,77.49268067,R,28306,"Manjunath Nagar,Bagalakunte"
13.05634652,77.49102843,R,28306,"Manjunath Nagar,Bagalakunte"
13.05632562,77.49334586,R,28306,"Manjunath Nagar,Bagalakunte"
13.05574034,77.49368918,R,28306,"Manjunath Nagar,Bagalakunte"
13.05563582,77.49486935,R,28306,"Manjunath Nagar,Bagalakunte"
13.0554686,77.4961139,R,28306,"Manjunath Nagar,Bagalakunte"
13.05469518,77.49602807,R,28306,"Manjunath Nagar,Bagalakunte"
13.05530137,77.49092114,R,28306,"Manjunath Nagar,Bagalakunte"
13.05436073,77.49057782,R,28306,"Manjunath Nagar,Bagalakunte"
13.05375454,77.49006283,R,28306,"Manjunath Nagar,Bagalakunte"
13.05367093,77.48980534,R,28306,"Manjunath Nagar,Bagalakunte"
13.05406809,77.49192965,R,28306,"Manjunath Nagar,Bagalakunte"
13.05402628,77.49242318,R,28306,"Manjunath Nagar,Bagalakunte"
13.05383815,77.49308837,R,28306,"Manjunath Nagar,Bagalakunte"
13.05342009,77.49426854,R,28306,"Manjunath Nagar,Bagalakunte"
13.05241674,77.49577057,R,28306,"Manjunath Nagar,Bagalakunte"
13.0521659,77.49598515,R,28306,"Manjunath Nagar,Bagalakunte"
13.05178964,77.49735844,R,28306,"Manjunath Nagar,Bagalakunte"
13.05168512,77.49823821,R,28306,"Manjunath Nagar,Bagalakunte"
13.05137157,77.49965441,R,28306,"Manjunath Nagar,Bagalakunte"
13.05231222,77.50100625,R,28306,"Manjunath Nagar,Bagalakunte"
13.05181054,77.5018431,R,28306,"Manjunath Nagar,Bagalakunte"
13.05319016,77.48971951,R,28306,"Manjunath Nagar,Bagalakunte"
13.05239583,77.49192965,R,28306,"Manjunath Nagar,Bagalakunte"
13.05233312,77.49265921,R,28306,"Manjunath Nagar,Bagalakunte"
13.05206138,77.49405396,R,28306,"Manjunath Nagar,Bagalakunte"
13.05178964,77.49531996,R,28306,"Manjunath Nagar,Bagalakunte"
13.05130886,77.49630702,R,28306,"Manjunath Nagar,Bagalakunte"
13.05107892,77.49785197,R,28306,"Manjunath Nagar,Bagalakunte"
13.05072356,77.49888194,R,28306,"Manjunath Nagar,Bagalakunte"
13.05051453,77.49918234,R,28306,"Manjunath Nagar,Bagalakunte"
13.04978291,77.5004698,R,28306,"Manjunath Nagar,Bagalakunte"
13.04963658,77.50096333,R,28306,"Manjunath Nagar,Bagalakunte"
13.04961568,77.50134957,R,28306,"Manjunath Nagar,Bagalakunte"
13.05273028,77.48954785,R,28306,"Manjunath Nagar,Bagalakunte"
13.05193596,77.49062073,R,28306,"Manjunath Nagar,Bagalakunte"
13.05208228,77.49192965,R,28306,"Manjunath Nagar,Bagalakunte"
13.05141338,77.49111426,R,28306,"Manjunath Nagar,Bagalakunte"
13.05168512,77.49295962,R,28306,"Manjunath Nagar,Bagalakunte"
13.05174783,77.49413979,R,28306,"Manjunath Nagar,Bagalakunte"
13.0515806,77.49506247,R,28306,"Manjunath Nagar,Bagalakunte"
13.0509535,77.49624264,R,28306,"Manjunath Nagar,Bagalakunte"
13.05074447,77.49825966,R,28306,"Manjunath Nagar,Bagalakunte"
13.05055634,77.49431145,R,28306,"Manjunath Nagar,Bagalakunte"
13.04988742,77.49566329,R,28306,"Manjunath Nagar,Bagalakunte"
13.04892586,77.49836695,R,28306,"Manjunath Nagar,Bagalakunte"
13.04811062,77.50070584,R,28306,"Manjunath Nagar,Bagalakunte"
12.91236128,77.48416531,R,42389,Kengeri
12.91102272,77.48506653,R,42389,Kengeri
12.91060441,77.48068917,R,42389,Kengeri
12.90993512,77.48223412,R,42389,Kengeri
12.90897302,77.48231995,R,42389,Kengeri
12.90801091,77.48579609,R,42389,Kengeri
12.90750894,77.48661149,R,42389,Kengeri
12.90587753,77.48403657,R,42389,Kengeri
12.90746711,77.48734105,R,42389,Kengeri
12.90855471,77.47940171,R,42389,Kengeri
12.90993512,77.47884381,R,42389,Kengeri
12.90851288,77.47614014,R,42389,Kengeri
12.90713246,77.4774276,R,42389,Kengeri
12.90700697,77.4763118,R,42389,Kengeri
12.90449709,77.48352158,R,42389,Kengeri
12.90558471,77.47335065,R,42389,Kengeri
12.90550105,77.47330773,R,42389,Kengeri
12.90412061,77.48669732,R,42389,Kengeri
12.90617035,77.47549641,R,42389,Kengeri
12.9057102,77.4743377,R,42389,Kengeri
12.90529189,77.47305024,R,42389,Kengeri
12.90575203,77.4732219,R,42389,Kengeri
12.90558471,77.47665513,R,42389,Kengeri
12.90533372,77.47824299,R,42389,Kengeri
12.90478991,77.48081792,R,42389,Kengeri
12.90399511,77.48236287,R,42389,Kengeri
12.90349314,77.48360741,R,42389,Kengeri
12.90253101,77.48489487,R,42389,Kengeri
12.9026565,77.48575318,R,42389,Kengeri
12.90253101,77.48678315,R,42389,Kengeri
12.9026565,77.47137654,R,42389,Kengeri
12.90299116,77.47335065,R,42389,Kengeri
12.90290749,77.47622597,R,42389,Kengeri
12.90064857,77.47940171,R,42389,Kengeri
12.90127605,77.48107541,R,42389,Kengeri
12.9006904,77.48249161,R,42389,Kengeri
12.9006904,77.4841224,R,42389,Kengeri
12.89977009,77.48540986,R,42389,Kengeri
12.90060674,77.47240651,R,42389,Kengeri
12.89868245,77.47961629,R,42389,Kengeri
12.89859879,77.48176205,R,42389,Kengeri
12.8996446,77.48433697,R,42389,Kengeri
12.89922627,77.48455155,R,42389,Kengeri
12.89830596,77.48528111,R,42389,Kengeri
12.89792947,77.47721303,R,42389,Kengeri
12.8979713,77.47871506,R,42389,Kengeri
12.89734381,77.48111832,R,42389,Kengeri
12.89692548,77.48334992,R,42389,Kengeri
12.8959215,77.47927296,R,42389,Kengeri
12.8949175,77.48150456,R,42389,Kengeri
12.94653827,77.65492062,U,80180,Bellandur
12.94528354,77.65500645,U,80180,Bellandur
12.9436942,77.66092877,U,80180,Bellandur
12.94327595,77.66376118,U,80180,Bellandur
12.9440288,77.66702275,U,80180,Bellandur
12.94620368,77.67140011,U,80180,Bellandur
12.94645462,77.67337422,U,80180,Bellandur
12.94712381,77.67509083,U,80180,Bellandur
12.94628733,77.67792325,U,80180,Bellandur
12.947793,77.68513302,U,80180,Bellandur
12.9440288,77.68581967,U,80180,Bellandur
12.9433596,77.68667798,U,80180,Bellandur
12.94227215,77.68453221,U,80180,Bellandur
12.93934437,77.68599133,U,80180,Bellandur
12.94126834,77.68247227,U,80180,Bellandur
12.94143564,77.67963986,U,80180,Bellandur
12.94126834,77.67586331,U,80180,Bellandur
12.9418539,77.6741467,U,80180,Bellandur
12.94009723,77.67002682,U,80180,Bellandur
12.94193755,77.66693692,U,80180,Bellandur
12.94118469,77.66376118,U,80180,Bellandur
12.9421885,77.66110043,U,80180,Bellandur
12.9433596,77.65783887,U,80180,Bellandur
12.94277405,77.65723805,U,80180,Bellandur
12.94018088,77.65972714,U,80180,Bellandur
12.93875881,77.66152958,U,80180,Bellandur
12.9379223,77.66530614,U,80180,Bellandur
12.93666752,77.66822438,U,80180,Bellandur
12.9359983,77.6730309,U,80180,Bellandur
12.93482716,77.6761208,U,80180,Bellandur
12.93465986,77.68195729,U,80180,Bellandur
12.93273583,77.68453221,U,80180,Bellandur
12.93323775,77.65466313,U,80180,Bellandur
12.93298679,77.66110043,U,80180,Bellandur
12.93206661,77.66556363,U,80180,Bellandur
12.93240122,77.66959767,U,80180,Bellandur
12.93064449,77.67234425,U,80180,Bellandur
12.9308118,77.67732243,U,80180,Bellandur
12.9280512,77.67843823,U,80180,Bellandur
12.92880409,77.67886738,U,80180,Bellandur
12.92905506,77.68547635,U,80180,Bellandur
12.92796754,77.69311528,U,80180,Bellandur
12.92437035,77.66135792,U,80180,Bellandur
12.92612712,77.6741467,U,80180,Bellandur
12.92704733,77.67491917,U,80180,Bellandur
12.92863678,77.67852406,U,80180,Bellandur
12.92713099,77.68315892,U,80180,Bellandur
12.92604347,77.68796544,U,80180,Bellandur
12.92696368,77.691227,U,80180,Bellandur
12.92696368,77.69191365,U,80180,Bellandur
12.92846947,77.69354443,U,80180,Bellandur
12.9207731,77.67028432,U,80180,Bellandur
12.92328281,77.67449002,U,80180,Bellandur
12.92361744,77.67654996,U,80180,Bellandur
12.92294819,77.68247227,U,80180,Bellandur
12.92495594,77.68916707,U,80180,Bellandur
12.92487229,77.69114117,U,80180,Bellandur
12.92771658,77.69328694,U,80180,Bellandur
12.92520691,77.69260029,U,80180,Bellandur
12.92177699,77.68856625,U,80180,Bellandur
12.91909995,77.6892529,U,80180,Bellandur
12.91725946,77.69191365,U,80180,Bellandur
12.91809605,77.69611935,U,80180,Bellandur
12.9213587,77.69217114,U,80180,Bellandur
12.93683482,77.66419034,U,80180,Bellandur
12.93817325,77.66582112,U,80180,Bellandur
12.94009723,77.67148594,U,80180,Bellandur
12.93850786,77.68195729,U,80180,Bellandur
12.93465986,77.67869572,U,80180,Bellandur
12.9440288,77.6663361,U,80180,Bellandur
12.9425231,77.66135792,U,80180,Bellandur
12.92595981,77.67715077,U,80180,Bellandur
12.92336647,77.68109898,U,80180,Bellandur
12.92780023,77.6934586,U,80180,Bellandur
